{"input_shapes": [[1, 3], [1, 3], [1, 3]], "input_data": [[0.07200177758932114, 0.0768580213189125, 0.045066770166158676], [0.014523917809128761, 0.027630209922790527, 0.008431143127381802]], "output_data": [[0.07200177758932114, 0.0768580213189125, 0.045066770166158676], [0.014523917809128761, 0.027630209922790527, 0.008431143127381802]]}